4	wycats
172	robey
348	raggi
383	kangax
459	voodootikigod
579	mikeal
1267	bear
1377	stefanpenner
1396	paulcbetts
1490	hassy
1670	corsix
2134	clarkbw
2195	arthurschreiber
2289	zeke
2362	disnet
2781	chorrell
2876	aredridel
3035	milaniliev
3840	paulbjensen
4303	jdalton
4322	dshaw
4380	khalsah
4624	indexzero
4723	thadd
5316	mcandre
5688	ryansobol
5689	jeffbski
5750	benjamn
6534	snostorm
6820	spicyj
6830	dinoboff
7434	davidarias
8207	flavorjones
9287	isaacs
9805	chalkers
10137	ghost
10247	juliangruber
10401	takahashim
10602	watson
11214	mlynch
12407	dmilith
12539	ykzts
12631	substack
12637	rwjblue
13041	rauchg
13315	pmq20
13352	cpojer
13397	bhedana
14172	timbertson
15000	felixge
15200	nahuel
15843	dirceu
15906	garthk
15952	lance
16191	ibc
16724	glasser
17535	zkat
17586	jo
17607	sam-github
17978	rmg
17993	mmc41
18193	tlrobinson
18315	hemanth
19371	briantrice
20181	simoneb
20188	tehsenaus
20219	conradwt
20300	springmeyer
20340	axic
20542	nathanhammond
20686	tlivings
21051	chino
21203	agl
21603	MikeRalphson
23753	tolmasky
25069	janv
25117	pmuellr
25837	hnry
25966	reconbot
26678	danielb2
27306	BrandonZacharie
27786	steveklabnik
27926	fundon
27985	rwaldron
28071	3rd-Eden
28737	evaisse
29850	basil
30030	ioquatix
30331	dcousineau
30793	Tobbe
30827	miksago
31058	Namek
31402	ghazel
32124	denofevil
32551	davglass
32837	morris
33569	dandv
33868	ghostbar
34129	bridiver
34588	okuryu
34726	knownasilya
35047	vielmetti
35870	scips
36662	joeybaker
37303	chrisdickinson
38350	wildart
38546	nzakas
38769	harlantwood
38969	caridy
39191	paulirish
39315	Delapouite
39333	nleush
39677	jeroenleenarts
39992	gr2m
40265	tylersmalley
40809	andreiz
40952	fjakobs
41373	nevir
41422	EugenDueck
42354	dap
43438	timoxley
43763	dotnetCarpenter
45293	onnlucky
45469	ljharb
49318	AMorgaut
50891	westurner
51479	seanmonstar
51953	wilmoore
52195	mcollina
52370	leth
52586	peterbraden
53454	ctide
53482	dcrockwell
54051	cowboy
54479	psaint
54666	mscdex
54712	shouze
55501	mouradhamoud
56045	bryanburgers
56575	nappy
56582	deanm
57536	jfhbrook
58742	adambrunner
60258	scottstensland
61148	balupton
61791	beaugunderson
62191	kirkouimet
62512	hoho
64202	truedat101
65633	alexgorbatchev
66025	marinintim
66357	ncopa
66961	CvX
67512	dougwilson
68194	karlbohlmark
68368	qbit
68940	hail2u
70011	Marak
70015	atomantic
71237	kganser
71256	TooTallNate
71882	fl0w
73085	Kovensky
73511	paulwalker
73755	bminer
74358	xdamman
74390	PatrickHeneise
74564	sjwalter
75184	jtarchie
75209	samerbuna
76716	grahamc
78718	sebdeckers
79017	ofrobots
79303	searls
79823	shrimpy
81507	wryun
81581	gritzko
81703	gbrmachado
81942	mathiasbynens
82626	binki
83195	ivanwills
83344	SunboX
84737	georgecrawford
84792	defunctzombie
85523	AaronNGray
88045	narqo
89353	creationix
90898	wraithan
91258	ianshward
91831	Wuntenn
91933	Daniel15
93347	onlyurei
93784	fvdm
94334	thorn0
96015	al-the-x
96150	dfabulich
96355	xk
96947	refack
96978	tamsky
97262	cb1kenobi
97325	mcianc
97810	ioncreature
98086	lucab
98339	nwgh
98899	whitlockjc
98955	nicholaswyoung
101268	spike0xff
101513	ErisDS
101553	fhinkel
102431	juanmirocks
103052	solebox
103629	krylatij
103639	josser
104052	leeight
105936	jmkgreen
106150	mark0978
106903	mdlavin
108641	rjmunro
108903	michaelnisi
109690	davidben
109983	homosaur
110455	bengl
112555	fastest963
112746	cancerberoSgx
112879	olanb7
112928	jgeewax
113362	schmichael
114976	nfriedly
115237	silverwind
115710	chrislea
115769	evilpacket
116494	amcsi
116642	txdv
116866	joega
119065	mtheoryx
119231	rsp
119891	jpolitz
119972	jasonkarns
120943	untoldone
121040	lygstate
121724	mpareja
121766	feross
122434	medikoo
122831	coolaj86
123708	arlolra
123822	vvo
123831	amfarrell
123929	davibe
123962	dgonzalez
124288	x684867
124909	ccoenen
125132	pierophp
125177	wonnage
125466	sejoker
126104	friism
126482	brycebaril
126848	avindra
127063	alexindigo
127666	leppie
127790	dscho
128431	marocchino
128856	laverdet
129050	kazuyukitanimura
129203	jmm
129365	kkc
129550	camillobruni
131406	kapouer
132242	andris9
132260	loganfsmyth
132841	ifuyivara
133008	mikeswoods
134117	sublimino
134455	whit537
134460	joaocgreis
135120	courtnek
135475	Foosvald
136109	0x00A
137545	agnat
138133	jtlapp
141167	scottgonzalez
142175	joshholl
142338	cmawhorter
142908	showell
143986	xaxxon
144631	diegoug
147788	rapzo
148124	likhter
148561	esatterwhite
149247	wohugb
149531	fresheneesz
150040	samt
152118	iPenguin
152227	thany
152407	madarche
153219	adammw
153413	pkiddie
153481	fhemberger
153580	gthb
154748	tgriesser
155475	CodeTheInternet
155995	evoL
156080	cscott
156119	jeremyroman
156174	joeroback
156269	fengmk2
156539	francoisromain
156867	Krinkle
157132	unformatt
158211	wanderer
158390	digitalinfinity
158641	amatas
158787	keevitaja
159100	uhoh-itsmaciek
159840	hax
160197	dominicbarnes
160279	antoinerousseau
160325	ududsha
161631	tianon
163333	loretoparisi
164050	broofa
164625	pke
166022	PaquitoSoft
166301	bcomnes
166891	skomski
168508	ehsan
169280	dcposch
170023	DannyNemer
170197	stevenvachon
170270	sindresorhus
170299	matthewmueller
172594	mikemaccana
173025	sidorares
173559	auchenberg
175003	artynet
175530	drifkin
176984	jbergstroem
177641	binarykitchen
178512	jfromaniello
178857	RobertWHurst
181076	zvictor
181295	FrederikNS
181527	samshull
181961	Alex7Kom
184819	jite
185306	kiksy
186831	jandrieu
189580	LinusU
189799	ssaroha
189835	littledan
189862	RobCannon
190759	gagern
190866	jbergens
192891	thlorenz
193412	toddself
193478	paulgirard
193923	salomvary
194482	tusharmath
194609	bcoe
195210	apaatsio
195826	jeisinger
197134	koistya
197329	sebfindling
199179	WhyEvenTry
200778	cjbj
200959	robertschultz
201034	timdp
202632	InfinitiesLoop
204037	CrabDude
205256	garrows
205482	Qard
205760	kemitchell
207390	benweissmann
207759	StefanScherer
207889	kika
208817	Mouvedia
211478	jscheel
212034	taggon
216319	jeroenooms
216720	tcort
216737	kav
217034	evilaliv3
218257	piscisaureus
220205	jsha
224895	TrevorBurnham
225351	juj
225809	laughinghan
226619	dca
227916	academo
229633	nfroidure
229881	styfle
230541	mbostock
230591	jawline
231295	grnd
232424	tianshuo
234019	kevinburke
234659	bmeck
236501	dwieeb
237364	monoman
237796	JoeDoyle23
237905	Japh
238531	indutny
239291	mocheng
239840	mrvini
240422	Chudesnov
240684	djMax
241706	eirikb
242004	blia
242577	makc
242861	msaspence
244096	cgwalters
244586	blueimp
244683	rectius
246143	xjamundx
247721	monsanto
247731	shelby3
247846	MaerF0x0
248374	saper
248570	thecoolestguy
250617	callumlocke
251382	wordempire
252072	cfsghost
255273	matejv1
259374	dominictarr
260038	coldice
260223	tenaciousRas
262105	kahwee
265378	ocombe
265896	pesho
265902	natevw
270108	sarahsharp
270632	thetalecrafter
271107	roman-neuhauser
271752	Hugheth
271906	yurivict
272377	joshkehn
272688	spectravp
273509	terinjokes
273519	Leolik
275848	riggerthegeek
275871	bnoordhuis
276876	emadb
277251	fornwall
277419	brennanMKE
278492	pkese
279099	bbqsrc
281512	ericgonzalez
284023	ysangkok
286762	strawhatguy
287640	chaffeqa
287917	eugeneo
288304	npmccallum
289174	trevnorris
290472	koxauvin
290978	tristanz
291301	ChALkeR
291575	flying-sheep
292365	sheerun
292719	glacjay
293004	mbrevda
294689	scunningham
295215	MichalStaruch
298721	julien-f
301201	leobalter
301830	jreading
303226	evantahler
304070	jclulow
304505	Whoops
305455	mykmelez
305999	jasonwr
306372	shekhei
308049	ralphtheninja
310593	miholeus
312966	mbroadst
313285	tianp
314156	compmks
316498	akira-cn
317189	bigfatbrowncat
317299	manikantag
317464	saghul
317571	silverbucket
317609	swaj
321201	jsumners
321966	timkuijsten
322956	vishwasrao
323878	roblourens
325517	CTassisF
327006	paixaop
327019	JacksonTian
327746	octoploid
328000	dmikey
328614	bcantrill
328628	kayakyakr
329957	vrunoa
330102	Lennie
330812	muzuiget
331360	Bosworth99
332377	christiansmith
332683	yousuftafhim
332968	lucamaraschi
333455	nsisodiya
333918	maennchen
334851	btd
336152	krosti
339422	ppannuto
341172	dbradf
341425	rofl0r
341600	hellboy81
342215	Gutem
342549	RobinQu
347387	felipenmoura
347452	metalone
349336	iliakan
349624	jrjohnson
349754	lostthetrail
350686	develar
351038	koenpunt
351568	rictorres
352113	joshmanders
352507	geronimo-iia
352609	kaero
354296	still-dreaming-1
354349	daguej
354641	cdhowie
355454	Flimm
355800	diversario
356014	wietsevenema
358876	jcready
359239	shiftkey
360233	Flet
361327	DimitryDushkin
361671	matthewp
361985	Vanuan
362089	chatziko
364903	chriso
365816	peresleguine
367236	jackTheRipper
367936	mhart
368238	akc42
369056	carlosdelfino
369698	avoidwork
372420	lfreneda
373545	papandreou
374012	deian
376661	mafintosh
378984	muthufmass
379606	ide
383288	Kleemann
385385	Rantanen
387506	NickNaso
390146	outsideris
391270	gaboesquivel
395660	grivescorbett
397862	Skywalker13
399211	mbarinov
400558	ypresto
402468	ashleysommer
404458	mweagle
404610	tatsuhiro-t
405222	listochkin
406656	tvald
406975	jwulf
407189	tychotatitscheff
408692	NigelKibodeaux
408911	inf3rno
408977	sneak
410087	TomFreudenberg
410211	tpreusse
411114	davidgatti
411925	joanniclaborde
413206	jorangreef
413505	mfhan
413772	graingert
414752	matthew-dean
414984	tgurr
415044	bjouhier
416585	olalonde
418097	othiym23
418605	amejiarosario
418678	fakewaffle
419139	NeoRaider
419466	danielsalles
419983	openam
422013	alexwhitman
422159	rafaelcastrocouto
422540	designfrontier
424084	andyzweb
424475	meteormatt
426158	mika-fischer
426418	ak239
428948	mtimofiiv
430233	fatuhoku
431376	marcbachmann
432308	derenio
432351	danbev
432707	TDA
439929	jasnell
441011	mischah
441346	geek
442374	pertrai1
443639	dmail
444316	tracker1
444344	leodutra
445100	ppitonak
445481	lboening
445682	nakedible
445964	wookoouk
446283	aaronjwood
446478	mhhf
447478	drewfish
448908	machineghost
452298	jimmybot
452396	jessetane
457481	andrerod
458155	dpatti
458614	Urthen
459764	VictorBjelkholm
459944	sergiolepore
462154	felipou
462992	cnorthwood
465008	daslicht
465522	okv
465722	qt3m45su0najc7
466082	joshparolin
466289	andbrain
466761	NatalieWolfe
467209	holm
467627	erinspice
467830	webdigi
469365	zbjornson
469989	bennyn
470564	chjj
470626	Bilge
470729	kainy
470827	sudaraka
471070	jucrouzet
471894	ethanresnick
472825	jcolebrand
474017	Somebi
474217	AMDmi3
474587	ilkkao
474794	jpsim
476567	EloB
477167	halt-hammerzeit
479538	Raynos
479726	recursivefunk
479816	jokeyrhyme
480640	alejandroiglesias
482957	as-cii
486324	Iscgx
487774	dragon788
489291	ssmereka
489459	Justinfront
489755	seanzer
490562	adamreisnz
495407	axkibe
495647	rvagg
497249	igalic
498775	MylesBorins
499423	gottesmm
499820	typekpb
501424	mastoj
501702	edmorley
501989	danwkennedy
502396	bnb
502412	spion
505333	AndreasMadsen
505435	allenwb
506346	yeewang
507991	distributedlife
509375	naugtur
509651	patbaker82
510957	KevinMartin
512816	leegee
514149	geryit
514417	DanielYWoo
514648	Rishu
515269	wzoom
516118	pannous
516780	Jbudone
518319	zzzzBov
518383	raimondi1337
518427	yzorg
520566	iyakexi
520678	balane
523141	niftylettuce
523312	nodesocket
523889	lishitao0915
524382	tomgco
524902	prettydiff
525832	emirotin
526114	rauschma
527245	ghusse
527631	raphaelokon
528677	krasimir
532414	piranna
532688	davepacheco
533294	arendjr
533625	corbinu
534414	sdesalas
534619	JustinBeckwith
538488	groundwater
538657	craigcosmo
538801	darsain
540554	david-mitchell
541359	atif089
545025	ltvan
546259	majgis
546900	thisconnect
548843	teohhanhui
551007	junior
551184	Zarel
551402	tlhunter
552706	baryshev
553140	notthetup
553512	archenroot
553630	rainabba
554927	ilsken
555645	yosuke-furukawa
556162	mihawk90
557590	RReverser
557937	overlookmotel
557961	e-jigsaw
558581	MadLittleMods
559321	iamstarkov
559569	FarSeeing
562130	h4ck4life
563469	niieani
565765	gsathya
567540	jkrems
568260	jaybrownlee
568962	estliberitas
570645	crunchie84
572196	stuartpb
572969	kamn
574903	ahcarpenter
576077	klimashkin
577562	jbajwa
578156	llkats
579928	xzyfer
580251	unbalanced
580536	NN---
580982	wldcordeiro
581393	qbradq
581999	icflorescu
582234	mgalexander
582698	mauriyouth
583459	ifreecarve
583992	fcosrno
584411	fgeorges
585755	deltreey
587518	amasad
587740	wmhilton
588262	mutantcornholio
591435	mkopinsky
592149	jcrugzz
592432	stelcheck
592637	cookiengineer
594890	mansona
595361	VanCoding
595469	drewsmith
596741	furkanmustafa
598730	guybedford
598803	lightswitch05
598809	tojocky
600821	aalexgabi
602462	paulgrock
604458	osadan
604477	mairead
605053	jlipps
605538	swapneeld
605880	davidrapin
606566	zenoway
606852	inakiabt
607109	segrey
607868	dlsniper
609229	oaleynik
609373	rumkin
609579	bengourley
611170	slartibardfast
612020	jesstelford
613320	vincentwoo
613531	codeaholics
613773	rmustacc
613846	hefangshi
613956	kt3k
614167	nashio
617235	emilyrose
617443	anirudh24seven
617481	domenic
620746	hacker112
623790	zfedoran
623932	fibric
624456	iWuzHere
626418	cthayer
627123	kobelb
627278	tuananh
627972	davidvetrano
628445	panicbit
628688	muchavie
628787	MichaelErmer
629338	jjhesk
631240	ronkorving
631757	quarterto
631951	pit3k
632426	risacher
634573	joeyespo
635085	insightfuls
635170	chadfurman
635512	zeusdeux
635591	mightyiam
635903	alistairjcbrown
637147	zhongkai
638477	sidkshatriya
639549	otakustay
639601	zcbenz
640811	BlackTr
643344	eslachance
643505	jonathanong
643976	ghiscoding
645740	ahmelsayed
646036	jayalane
646298	marisks
647070	isaacfi
649835	ploxiln
651290	M3kH
651797	foxx
652130	reiz
653750	arvi
654863	serrynaimo
655241	chimurai
657552	sandro-pasquali
658675	sey
659135	htynkn
660541	tieguy
665754	SomeoneWeird
667700	edelsohn
667875	plemarquand
670701	Maxwell2022
673922	sethml
675056	OrangeDog
675305	rgoodwin
675812	sgmonda
676289	Jeff-Lewis
677518	zxqfox
677551	aaronrobb
677994	evanlucas
678335	kmccmk9
679178	therebelrobot
680220	erossignon
682197	shri3k
684817	Bonuspunkt
687842	jeromew
692511	wprl
694779	RobertDiebels
695648	schittler
695933	danielgsims
696611	thefourtheye
697837	yinso
699572	atoponce
703055	DuBistKomisch
703628	alexanderGugel
704044	pronebird
704336	JannesMeyer
704514	jcollum
707147	bilalq
708013	atrioom
708850	GeorgeBailey
711385	qorrect
711968	trendsetter37
714117	Gi60s
715386	siriux
715522	jhrozek
715626	dsoprea
717299	ahallicks
718899	Trott
719722	leebenson
720065	wlunlimited
721038	andyfleming
721814	alexjeffburke
722813	Venemo
725842	Xerkus
727109	joshvoll
730640	tristanls
731337	christian-bromann
731614	esproul
731722	Havvy
731796	zhanzhenzhen
731899	dalvizu
733364	KenanY
733538	mmouterde
733877	julianduque
734818	yunnysunny
737120	yanxyz
738069	missinglink
738830	vice
739555	sgallagher
739813	williamkapke
741109	ObiWahn
742884	mstuart
744035	ben-page
745352	freakynit
747587	jwerre
748856	crocket
748917	EricMCornelius
749084	theoutlander
749374	slorber
755375	xpostudio4
761111	lawrencekgrant
762848	mousetraps
765094	misgina
767105	ryanmurakami
769045	ghafran
770982	coreybutler
771001	willm
772595	tasoss
778781	jjrv
781745	RWOverdijk
781818	mrchief
782880	shigeki
783193	salimfadhley
783424	lifubang
784663	kesarion
785571	jchbh-duplicate
787026	gardner
787433	msn0
788473	sehyoc
790842	dignifiedquire
791134	Jackbennett
793830	jez9999
797044	sabinthomas
799054	miszczu
801214	ikn
803101	osher
803647	andrewjjenkins
803674	monolithed
805022	nightwolfz
806173	shaohua
806363	posix4e
807234	huseyinkozan
811047	misterdjules
813784	joshje
814134	jasonswearingen
815894	Goyapa
815988	bmeurer
816529	QuinDennis
819638	rcombs
824632	boblauer
825732	yokomotod
826553	gustavohenke
829734	petkaantonov
829827	NickHeiner
833473	ebraminio
835148	smlombardi
835618	rgrannell1
835690	eudaimos
835857	FagnerMartinsBrack
835897	ptribble
836375	rgbkrk
836802	ottobonn
836928	ecdeveloper
837040	clausreinke
837347	neophob
837500	dpaez
837533	mraxus
837612	chenka
838003	timbru31
840111	karna41317
840121	phtaylor
845031	yairEO
846867	jameslong
847796	jabyrd3
849343	damianmr
850591	pentateu
850871	NathanaelA
851560	barocsi
853199	shunanya
853977	yous
855219	srl295
856469	fmy
857898	dorako321
860099	claudiopro
860364	gil0mendes
860738	Hao-Wu
861819	kribblo
861964	L-A
862705	choissac
863752	shindo
864578	johanneswuerbach
865914	vinipsmaker
866122	OwenBrotherwood
867492	kzurawel
867842	piccoloaiutante
869312	kalmanh
869367	gvilla23
870282	bfortunato
874194	furnox
877580	rcotrina94
878249	xomyaq
879612	GianlucaGuarini
880513	zbinlin
882627	alnorris
883248	changchang
883774	zenhack
883973	pavelfeldman
885114	jmandzik
885648	Qix-
886388	elmigranto
889705	ipeluffo
890329	mlippautz
894822	dzlk
895339	xcstream
895406	klovadis
896423	yosifkit
899444	addaleax
900690	bpasero
900724	melnikaite
900951	yosiasz
902041	mattcollier
905772	billinghamj
906327	goloroden
906649	ianwjhalliday
910753	RichardLitt
911174	strugee
914122	martinheidegger
914986	AlexAtNet
916406	davidfekke
916489	navstev0
917978	gracjan
919928	it3xl
920747	visualfanatic
924465	boneskull
926815	haraldrudell
927220	nickmccurdy
927601	fredericosilva
928965	nazar-pc
931192	kfarnung
933685	jaridmargolin
934293	bevacqua
934986	neico
935223	timotheeg
935710	Nibbler999
936006	Jayflux
938894	pablorsk
939420	petrosagg
941359	sbromberger
941708	makenova
941925	andrew-aladev
944406	wooorm
944948	ugate
948922	nhquiroz
949228	jirutka
951775	lucasguaru
952992	fforres
954063	chirag04
956678	joelbraga
961599	murgatroid99
961950	bitcrazed
962099	stefanjudis
965036	jaimehrubiks
965671	quibusus
968267	Starefossen
968308	akloeber
968790	fsmaia
970121	s3ththompson
972726	afacanerman
972891	DanielRosenwasser
973543	gajus
973545	ankakusu
976081	gabrielschulhof
976139	mlazarov
976391	fluxsauce
978004	kadishmal
979929	jedireza
980835	EugeneDae
982720	ivan-vilches
983798	iarna
984304	sylus
984628	phra
985607	dead-horse
986665	atwright147
986878	marcelklehr
988441	seishun
991221	chowey
992373	phated
993800	adityasaxena
993909	billti
996487	bitc
996860	jfathman
997157	GantMan
998068	syntacticsugar
998717	chrismark
1000759	faceleg
1000865	Jeff-Mott-OR
1001175	S-YOU
1003261	cdaringe
1004015	amakhrov
1005116	octaviansoldea
1006477	felixonmars
1008324	Alkarex
1008760	ssteidte
1009114	tjwebb
1013426	Barryrowe
1013699	royalpinto
1014367	zladuric
1017132	Ingramz
1017236	satazor
1018196	nojvek
1019437	mfractal
1020672	pmasucci
1021703	aivus
1024055	ceccode
1024460	g00dnatur3
1026325	jpca999
1027513	anandsuresh
1031360	grawk
1033043	parambirs
1034202	khowling
1034314	jasonmcaffee
1035101	Randynamic
1037138	lholmquist
1038062	rtpHarry
1038928	milimetric
1039098	jmreicha
1041378	zachgilliam
1045163	mcheshkov
1045195	lkrubner
1051101	23doors
1052814	chikathreesix
1055021	veleek
1056039	cosmosgenius
1056976	Gottox
1057018	yesenarman
1057486	Jianru-Lin
1058931	akatechis
1059768	pogo1
1059956	leftstick
1060733	zzzgit
1062181	eugirdor
1062408	marvinhagemeister
1063255	techjeffharris
1063492	jmcclell
1065069	mateogianolio
1066395	chrisveness
1066536	jmealo
1066618	applideveloper
1067221	NullDivision
1069956	robert-claypool
1073082	clowwindy
1073259	andrewmclagan
1073701	yingding
1073841	codebling
1078176	hohy
1080471	mpstein
1080613	soberstadt
1080761	caccialdo
1081565	retrohacker
1082417	kosmjon
1083944	skenqbx
1084056	santigimeno
1084956	Marnix-IxD
1085145	andreabondi
1087603	owenallenaz
1088720	Mithgol
1088987	blakeembrey
1090382	junajan
1090826	LaurentGoderre
1091422	guymguym
1093990	Fishrock123
1094945	asbubam
1095016	andrezzoid
1095402	alanmimms
1096340	FredyC
1099426	rusterholz
1100099	mightypenguin
1101211	brendangregg
1101318	mrw34
1101386	powlo
1103788	kevinresol
1106324	mdentremont
1106394	guypod
1106489	jsdnxx
1106823	NoelAbrahams
1108065	jboarman
1109503	PSeitz
1110797	peripateticus
1112049	DronRathore
1116738	danyshaanan
1117009	molszanski
1121997	bigslycat
1122386	pmed
1127198	DiThi
1127384	omsmith
1127729	csvan
1128607	calvinmetcalf
1131464	mwain
1131567	shinnn
1133578	vanloswang
1137314	azat-co
1140553	bajtos
1141042	jvilk
1141386	nebrius
1142836	fyears
1143049	ztooner
1145335	letrunghieu
1145514	TonySpegel
1147163	rafaelsierra
1147375	alsotang
1147716	volvpavl
1148215	jordimassaguerpla
1148376	jimmywarting
1149663	politician
1150613	RanzQ
1157412	socketpair
1158861	cen1
1160712	kirrg001
1162160	Rich-Harris
1163554	ashleygwilliams
1165845	tvvignesh
1170565	loveencounterflow
1171415	IchiNiNiIchi
1171691	gucong3000
1177098	digitalsadhu
1177323	gamtiq
1177542	meteatamel
1186693	metabench
1187447	jondubois
1188186	juliankrispel
1188951	MadaraUchiha
1189785	edsadr
1190042	dougajmcdonald
1190716	davidmarkclements
1191524	ericwlange
1197375	STRML
1197615	jeffersoncarpenter
1198558	EskelCz
1201793	killroy42
1203230	evil-shrike
1204466	kalrover
1205100	xblox
1210641	ankon
1211152	diasdavid
1211498	AdamMajer
1212251	daimor
1216425	rafaeljesus
1216791	jzwinck
1217199	luillyfe
1217455	dstibrany
1217541	rangercyh
1219075	bluepnume
1219172	ericholiveira
1220263	canda
1222029	hugnosis
1222508	SoundBot
1224527	lekoder
1226256	yunong
1226384	sagikazarmark
1227774	OpakAlex
1231451	espicone
1231635	phillipj
1231697	dpicky
1232978	migounette
1233407	dominikbulaj
1234972	diorahman
1236877	Nullpo
1237274	vflash
1238424	pinin
1241845	hasufell
1242946	dannymarsland
1243921	deerawan
1245605	hdave
1245785	greenboxal
1247980	75lb
1250248	squarejaw
1250405	creatifyme
1252061	gima
1254810	wmbutler
1256473	MichalBures
1256778	zhaoyu0810
1258773	FerCa
1259866	vird
1260305	skovhus
1260646	ForbesLindesay
1263582	foo123
1264175	arciisine
1265507	simonkcleung
1265888	xqin
1267409	sankha93
1267623	canastro
1269045	ckehoe
1270099	pfrazee
1270662	s-a
1271197	DomVinyard
1271546	svor
1272762	mike442144
1275653	harryoh
1277095	Dmitry-Me
1278480	returnString
1280922	pluma
1281234	miniak
1291228	mariuszgola
1292558	yury-dymov
1296500	lijunle
1302493	julioolvr
1302526	maxkorp
1303660	mattzeunert
1305378	capaj
1305617	jlord
1306267	dhavalyours
1309053	kiddkai
1310155	n0f3
1310604	Announcement
1311919	Spetnik
1315533	benjamingr
1316152	AndrewBarba
1316846	danscales
1318972	spotrh
1319181	artemruts
1320750	harishtejwani
1324157	Rolinh
1324510	eight04
1326517	wangyanxi
1328807	s2t2
1333469	tomruttle
1335684	pin3da
1336186	yanivefraim
1336590	Regaddi
1336623	frankrousseau
1340074	diosney
1347002	xtaltas
1347370	mintrupt
1348991	skeggse
1356314	stefanmb
1362208	nav13n
1368633	berstend
1371330	nise
1372431	igorklopov
1374176	Florian-R
1375316	mschnee
1379677	yasinaydin
1386719	aubergine10
1389583	joewood
1391805	jbellenger
1392388	WhatFreshHellIsThis
1399973	michael6
1400464	scttcper
1401037	KoryNunn
1401288	eliranmal
1403842	fand
1404053	jrop
1404810	SimenB
1407530	t-k-
1408578	magicode
1411740	jamg44
1412792	Alexgalinier
1415238	achyuth
1420843	mjg59
1422344	ali-bugdayci
1422781	lostnet
1424946	jsheely
1425364	minessis
1425951	yarax
1426799	felixrieseberg
1427214	mbreton
1430118	thetrompf
1431853	mbchoa
1432335	Houfeng
1436675	blacksun1
1437778	cgspicer
1439846	flyskywhy
1443499	jgoux
1443911	lpinca
1445228	jfrazelle
1445368	cwharris
1445483	tstringer
1448616	jefforulez
1449826	micnic
1452895	tadjik1
1453861	lpy
1456821	niklasi
1461947	neumino
1466123	thusoy
1467678	aljachimiak
1468027	andjc
1470375	dege88
1470592	skilledDeveloper
1475458	kkeri
1478985	suchov
1480964	yaronyg
1481434	alex4Zero
1483171	mastergberry
1484018	bergerjac
1484279	bitinn
1485311	draconar
1485909	matthewloring
1486340	UnitedMarsupials
1488688	chasset
1489979	adrukh
1493603	code-guru
1494154	baslr
1494211	ubergesundheit
1495995	adrian-nitu-92
1496201	juditnile
1498808	xogeny
1500571	fzzzt
1500684	kentcdodds
1503976	vinniefalco
1504464	RochesterinNYC
1507086	chicoxyzzy
1508662	justechn
1514495	cdai2
1519700	shirazz
1521394	carbonrobot
1522145	kyriosli
1522494	jingsam
1523129	Hanul
1524333	kaylynb
1528681	crazyyi
1529013	chandrunaik
1529459	Otto-Zwolle
1530653	ndtreviv
1530684	piperchester
1531427	smilingthax
1531641	tcosentino
1533239	jonathan-casarrubias
1533534	asatour
1535252	bruceplai
1538624	TimothyGu
1548235	rogovdm
1548532	tinchou
1550766	matthargett
1551907	chajath
1556432	ktimothy
1557027	glosee
1557289	drensber
1557314	MarkCDSys
1559888	brodybits
1561860	SystemDisc
1562665	bgSosh
1569843	boingoing
1571484	ajklein
1573141	coderaiser
1573352	JonasT
1573517	adnan-kamili
1574577	cdnbacon
1575008	medns
1575236	AaronHarris
1576120	cebor
1577701	RustyMarvin
1578784	gogorush
1580651	sourcec0de
1581989	cateradmin
1582303	jackbillstrom
1586881	LightSpeedC
1587053	sotayamashita
1592843	zyfworks
1593308	zloylos
1595499	martell
1597854	gonenduk
1607273	polomsky
1609163	sgannu
1610233	EricPoker
1614246	pps83
1616242	kroeckx
1616403	wilkyboy
1619732	davidbarton
1620265	vkarpov15
1622515	princejwesley
1625870	orangemocha
1638848	fossamagna
1650368	jinchizhong
1651212	oscarmorrison
1652629	ramsunvtech
1652887	alejonext
1652906	cbaron
1654650	geophoenix
1656054	egasimus
1658779	rizvankukad
1658949	oliversalzburg
1659204	maxis1718
1661466	ghvaldez
1661633	etjossem
1663259	joepie91
1668509	AndrewBryson
1669222	cdubois
1673849	Barno
1674289	Dexus
1675209	tobiaspatton-s4
1678594	andybakerbrfc
1679127	jls901
1680341	nathanjohnson320
1686193	daveisfera
1687637	reza-ryte-club
1691398	brzpegasus
1691707	manixx
1694112	simov
1695613	CodeTheory
1699593	skozin
1701942	chrisskilton
1702755	nicosommi
1704690	byoigres
1706381	thetutlage
1707119	subeeshcbabu
1715054	t0lkman
1716463	watilde
1722371	john-yan
1726487	gko
1727958	febLey
1729842	m1025
1730156	drish
1731633	ifraixedes
1733686	sulliwane
1734595	daveismith
1735343	aimnadze
1736496	yallop
1738721	grahamj
1739008	jb-ertw
1742880	flexiblefactory
1746853	leftynaut
1758366	mgol
1760238	ashalaenko
1760798	fmeawad
1761758	bcherny
1762535	zkd8907
1763318	DeShadow
1764057	bweston92
1766173	manjabes
1766521	emkographics
1767032	samheutmaker
1767996	misshula
1771003	jwalton
1771361	j-mueller
1772304	rocifier
1773260	lordKnighton
1777466	stefanos82
1777622	kirillonufreinko
1778532	carlodicelico
1778730	thebergamo
1786821	wzrdtales
1787156	AbrantesMar
1793482	zejie
1794099	jrieken
1794527	ccorcos
1798835	PeterAronZentai
1799758	meffect
1800499	michaelsanford
1810178	pvsousalima
1813603	mlucool
1814479	jpwesselink
1819425	therightstuff
1819888	Josema
1823839	nickdesaulniers
1824298	karanjthakkar
1824790	adammockor
1827708	tambry
1828563	mrmoss
1829789	yonjah
1832800	darky
1841686	twoi
1841956	jariwbh
1847934	kibertoad
1848357	romankl
1848673	paulcamantigue
1852796	matt-in-a-hat
1857993	captainsafia
1859128	gabrielperales
1861990	ndedic
1862913	bpinhosilva
1869157	nickstanish
1873263	birender
1876931	Ajedi32
1878740	carantes
1881481	miksansegundo
1881921	paulpflug
1882205	cortezcristian
1882330	juicelink
1882376	stevenvergenz
1883394	matthewaveryusa
1888493	garvinling
1889831	koh110
1889843	charmander
1890900	HeavyStorm
1891942	tregusti
1895795	mpmckenna8
1898161	weinand
1898413	alexlamsl
1898870	imyller
1901270	isheludko
1906839	cbuteau
1908865	zeronone
1909539	chenglou
1909610	d3x0r
1915098	robmusial
1916485	breeswish
1917947	hiendv
1922624	Loilo
1923476	kalinchernev
1925488	jeremyzahner
1926152	lvphpwb
1927579	zkochan
1933021	k-funk
1933999	cixtor
1935696	karlhorky
1935767	yorkie
1937871	mysticatea
1940652	spacekitteh
1946920	nodkz
1953256	sathvikl
1958266	cjthompson
1972353	macrozone
1976777	JoshFerge
1981088	hackygolucky
1988999	fuchen
1993083	ranisalt
1993245	idoshamun
1993303	ArsalanDotMe
1996620	ilzxc
2003939	guymorita
2005841	sibelius
2005853	metropolian
2011351	AlexTes
2014501	arturomc
2015173	joshspivey
2016809	raj967452
2018167	mjhea0
2021803	heifer1981
2022803	vhf
2024235	babakness
2026182	Loghorn
2026482	tsari
2029255	ellerbrock
2034108	nadiasvertex
2037007	Jameskmonger
2038987	mafrost
2043262	Intregrisist
2046672	duytrung
2047725	guyellis
2054772	Schniz
2066637	shaunluttin
2066766	tjaartvdwalt
2067616	NawarA
2077787	ogontaro
2081487	Lellansin
2090712	UltCombo
2093546	hideki-honma
2096101	Kikobeats
2099292	gilbertbw
2101743	mooyoul
2105621	absentmindedness
2109932	Janpot
2113774	fodonnel
2123375	lukechilds
2135202	talyaacov
2144779	WHK102
2148448	the1mills
2151337	RogerGMartins
2160502	fanchou
2162413	panuhorsmalahti
2165660	getuliojr
2166135	aeryx
2168156	swarndeepkumar
2168518	YurySolovyov
2174968	gergelyke
2175645	dkfiresky
2177320	nickolasclarke
2184139	RanjithNair
2184177	pemrouz
2186015	erwinjulius
2189960	ciroanunciacao
2192773	jviotti
2193992	utano320
2197250	cvillemure
2200377	jugada
2205537	catdad
2223120	DavidTPate
2226267	chaosforfun
2227152	bradleythughes
2236437	gerardtoko
2237251	cuttlfish
2239148	i-khan
2244675	tamtakoe
2247211	archasek
2249708	jan-swiecki
2249900	ricocai
2251119	jmdarling
2260538	sahilthakral23
2265094	acierto
2269831	doron2402
2271201	Avcajaraville
2273090	valera-rozuvan
2280384	bayssmekanique
2281169	emps
2286584	ukoloff
2291463	hashseed
2292713	bikashmishra100
2294695	caitp
2294736	cByst
2301847	joshunger
2311742	zyy7259
2311841	jbeja
2313018	vferko
2316198	gerrytan
2319673	kjprice
2321375	nullivex
2329683	davedoesdev
2330987	julbra
2331645	sirgallifrey
2333632	roman-yerin
2338703	ChuckLangford
2340896	yifanchen
2343630	ooHmartY
2346707	Alhadis
2352663	targos
2361826	AdriVanHoudt
2363074	ApsOps
2365820	kjin
2371464	deregtd
2376199	karlpokus
2377664	sonewman
2379525	janorn
2383346	chyingp
2387356	pravdomil
2402007	tlhakhang
2405178	praveen262k
2407832	roneesh
2414252	petersirka
2426725	richardbann
2427972	sw00
2428212	funn
2438449	GreatBigBore
2439838	Claudenw
2440935	a0viedo
2441666	pauljlucas
2452620	mjsalinger
2454540	TomBZombie
2454895	NuLL3rr0r
2455054	issacg
2456635	navinSing
2460105	BobCochran
2467194	yoshuawuyts
2467217	churchie317
2480569	probonopd
2499504	Alexis374
2499983	deployable
2502292	doodadjs
2502577	pandres95
2505474	jeffijoe
2512748	cjihrig
2522448	patrickd-
2523987	laggingreflex
2528018	melo0187
2533361	JerryFox1
2542620	samarth
2544209	saitoxu
2545261	laosb
2548117	tszymanek
2550152	FeignMan
2552507	fluggo
2554816	octarrow
2557445	hokein
2567367	shenanigans
2569835	coderhaoxin
2571951	Yomguithereal
2574412	MarkPieszak
2575182	Xstoudi
2582474	neurohacked
2582805	renrutnnej
2585460	seanpoulter
2600966	thomasmodeneis
2605378	fivdi
2605831	egoroof
2607556	SteveyPugs
2614116	ssjsatish
2619581	BeneStem
2620674	bricss
2628239	tgfjt
2633065	fanatid
2636143	drFabio
2636785	XbinZh
2637884	CurosMJ
2638811	octokyle
2643044	kgryte
2643566	KevinBurton
2643568	leokrlewis
2645436	codygustafson
2647236	Pamplemousse
2652127	akobler
2665023	aaltat
2677165	srijs
2682705	tomitrescak
2694422	chonz0
2700947	BigBobbyD
2703309	amit777
2715647	BurtHarris
2717746	dmt0
2719681	Kamil93
2722161	danielkhan
2723032	sarahmeyer
2725611	zdroid
2725624	piyushbeli
2733862	liesislukas
2746479	rosskukulinski
2746712	opreaadrian
2749683	fansgit
2757844	davidvgalbraith
2763135	dguo
2764102	ganeshghalame
2764625	JonathanPrince
2772353	unilynx
2785744	ilfroloff
2799037	kirill-oficerov
2801252	franciscop
2802526	Luciferius
2805194	eljenso
2805297	kmandov
2809324	pauloaguiar91
2810775	salmonax
2816034	GitterHubber
2816552	wleecarter
2820968	vmarchaud
2821297	AlexG92
2827690	DennisSchwartz
2842176	XadillaX
2864371	IonicaBizau
2866997	stkap
2879972	YesThatAllen
2882139	Einsy
2892242	mkontsek
2894341	dna2github
2894556	tleverett
2896623	quinnj
2903325	dnalborczyk
2908639	jseagull
2920525	pallxk
2924002	edwardsmarkf
2937888	bdavidxyz
2949807	andoniarroyo
2955468	ironmanwaring
2960965	graphicbeacon
2977050	paulxtiseo
2979104	blackshadev
2983969	polkovnikov-ph
2992036	fubar
2992789	andrewjmead
2993861	vkurchatkin
2999209	x-ji
3001791	vitkarpov
3003404	BlueWinds
3003802	atd-schubert
3018334	rejunp
3030172	kazikai
3036334	psypersky
3038254	brendanashworth
3041602	sp90
3054867	snaypssnp
3055345	vweevers
3058870	bjarnij
3065230	ronag
3071189	stakoz
3085408	sethmurphy18
3092315	matthewoates
3094502	MehmetBal
3098271	felipefdl
3100771	Okoyl
3103419	eltonmkw
3104856	sauban
3108007	deckar01
3112159	taion
3114109	xiangdewei
3118295	i5ting
3119122	mulleady1
3138059	bidurbabu
3146082	Steviey
3147161	hustshawn
3148402	javlc
3150233	devinivy
3152067	nmagerko
3174006	rahatarmanahmed
3177460	heidarymr
3179523	wadeziegler
3185808	tdzl2003
3188013	mmannerm
3200031	akusany2
3213618	ShangXinbo
3224441	gonadn
3226880	rdkgit
3231296	GabrielRatener
3252854	geNAZt
3254987	unional
3258966	ianaya89
3259933	amigo421
3265649	tepez
3277629	rupamkhaitan
3282305	LongLiveCHIEF
3283419	chkashif167
3290094	Swelly
3298606	iredelmeier
3310013	Sha-Bang
3310967	feifeiiiiiiiiiii
3311099	vany-egorov
3313112	jnvm
3317194	danShumway
3317231	joekrump
3320261	lukaszgasior
3320742	AlastairTaft
3325181	jongha
3367801	abouthiroppy
3372529	prashathsenthil
3374946	mozkeeler
3391470	mistkafka
3393115	EduardoRFS
3397140	alexhultman
3403305	fujifish
3408176	TheLarkInn
3411037	OrganicChem
3413079	snow01
3414206	OnceMore2020
3428149	luanmuniz
3428929	codeforgeek
3430784	bangbang93
3439875	tinybug
3442602	mk-pmb
3449972	veshboo
3457885	dlangerenken
3459374	denysdovhan
3463345	warrior4ever
3477316	waynedpj
3477707	doug-wade
3482966	sjoerdvalk1991
3483106	sup
3502395	rafis
3505087	simonepri
3506172	mkozjak
3516420	PaulBGD
3522602	hupadhyayula
3524633	clavecoder
3524687	atstojanov
3526988	michaelkruglos
3527695	ramazanpolat
3528531	Jevin23
3534453	jacquesg
3536716	senocular
3538629	Samurais
3584317	AminaG
3586691	simonbengtsson
3588798	Nezteb
3607926	JLHwung
3609487	williambai
3611800	sidthekidder
3611928	tzmanics
3625244	ghaiklor
3625666	mganeko
3625961	mcdonnelldean
3629876	kkemple
3637408	briantanner
3646561	badeend
3647351	nihaox1
3653950	borismedovnik
3669079	taueres
3671262	sharkinsspatial
3672236	cozzbie
3674950	sholladay
3680078	rightaway
3680631	gameboyzone
3686226	reallistic
3691490	PeterDaveHello
3713384	shiya
3716399	abougouffa
3720008	abhishekam
3726205	abrander
3726484	czardoz
3743662	jdalrymple
3746963	sdwolf
3750931	hwclass
3758485	devmetal
3760840	rayshan
3762808	prashantagarwal
3816105	geekplux
3818515	stefanivic
3819165	prietoguy
3819652	xhallix
3824055	Ginden
3825745	BuBuaBu
3826465	SVasilev
3832082	yjhjstz
3834227	eahutchins
3839684	adonespitogo
3849161	jannicars
3853064	hang333
3855777	miccferr
3855826	kidandcat
3857604	vladimir-kotikov
3869412	jfmengels
3872744	zetsin
3880497	wzup
3885747	Konviser
3885959	joeycozza
3894733	Javascipt
3899684	eljefedelrodeodeljefe
3905410	lber19535
3909121	cbratschi
3909302	connium
3917997	ErBlack
3921574	rhinoceraptor
3929632	Avinash-Raj
3936867	keithwhor
3958832	seeden
3959052	svennam92
3963377	ronaldronson
3967972	claudiorodriguez
3973850	cosmo0
3985726	wagnlinzh
3986091	khiettran
3991894	msholly
4000178	Silberling
4006425	ikasumiwt
4007798	daveconger
4011726	target-san
4017750	oebspm
4027669	jcpst
4033249	octref
4036846	jessee9
4044581	Qantas94Heavy
4057473	mathewmeconry
4057921	saschaarthur
4062942	godlzr
4063510	trentontri
4065244	nbdd0121
4069476	Siecje
4072018	mateoKaradza
4083383	hanrea
4085276	achinmay
4094917	pixelgrid
4101998	DivadOger
4103081	kkoopa
4104650	guseinovmg
4134127	sokoow
4138535	revov
4140149	alexprice91
4148259	avesus
4151616	akaNightmare
4157827	haifenghan
4183342	feit
4193348	kingnebby
4195407	rasantel
4206033	niels4
4212452	Ashtonian
4215660	rreinurm
4215868	inampaki
4217871	sedubois
4221569	yinrong
4224802	Mickael-van-der-Beek
4225346	GnorTech
4229856	IanCollins
4233173	seveves
4235596	jayesh-sapkale
4245215	ashita92
4256376	calebsander
4257305	BenLubar
4268223	shmuga
4273108	topgun743
4275075	z0nk
4275722	rmharrison
4280527	PurpureGecko
4295997	rscharfer
4299009	phillymojo
4299420	joyeecheung
4309494	rvnath
4310946	mkamakura
4336805	danielmapar
4337080	fabiancook
4338251	noinkling
4356989	hubertmine
4368785	mathiask88
4379298	jdwissler
4390247	zimonline
4390745	obastemur
4390935	maddouri
4394189	eladnava
4400726	SEAPUNK
4404683	mgtitimoli
4405297	tshemsedinov
4415696	jbe456
4416545	hackcode93
4419010	dozeen
4421371	nbering
4421720	joshgav
4437609	rideg
4443482	davidgilbertson
4448075	brad-decker
4453433	DarylThayil
4458174	michaelbpaulson
4459551	tsm91
4472305	withwind8
4481528	tylerbrazier
4482233	mdchristians
4483844	isiahmeadows
4486464	agsmorodin
4496783	SephVelut
4508759	bertolo1988
4515120	alanpurple
4519631	nakedcity
4520641	kylecarter
4520820	jscissr
4521223	amarzavery
4526844	ageblade
4532927	Hellgold
4539636	ValYouW
4549888	BergWerkGIS
4551130	jeroenvollenbrock
4573903	szwacz
4577691	chexmixbbq
4581495	kosamari
4590559	monkick
4591928	flekmatik
4597094	raselcse10
4630231	tonydearaujo
4640651	antoine-duchenet
4650765	Kaveckas
4666573	bgdavidx
4669287	estufa8
4679811	webwolf2112
4680488	danbucholtz
4691093	mheiber
4700523	rayrapetyan
4710291	jacobmarshall
4714040	galvesribeiro
4723660	crzidea
4739995	stas-neverov
4741819	asarubbo
4750614	k3kathy
4763307	gustamora
4784170	renesansz
4800357	RTsGIT
4811358	SamMorrowDrums
4811753	matthova
4813414	jelmd
4824797	Plabanm
4831315	Unterdrucker
4836669	SamuelBolduc
4855619	davis
4855659	AlexWehe
4865608	delvedor
4898751	dcworldwide
4899192	StCremer
4900842	JDHarmon
4923335	aqrln
4923668	DullReferenceException
4923947	sriluvan
4925744	Slayer95
4926869	feikname
4934732	MarkHerhold
4949308	sorinh
4949354	battlesnake
4954074	todojs
4962589	hnhegde
4965093	calibr
4969737	J-Gallo
4976075	cristiancavalli
4981813	akito0107
4985028	phestermcs
4990557	AlexYursha
4993074	snollygolly
5002453	yagop
5007624	Daeren
5008131	nickkolok
5010504	lewisdawson
5011568	chiragdarji
5018856	aashishRamamurthy
5021728	DJviolin
5023426	xbill82
5023993	thebelin
5025835	Eein
5034465	gerges-beshay
5035902	JungMinu
5038030	tunnckoCore
5046645	olingerc
5050950	seanfuture
5052406	vedmant
5076519	arboreal84
5077086	pineoc
5084346	NikitaLiashenko
5090936	born2net
5098875	devdil
5108906	vitaly-t
5118399	seatownrocks
5126193	paulofaria
5138570	ScionOfBytes
5140254	mearns
5140822	ALJCepeda
5143005	craig65535
5153007	Mosho1
5153378	diagramatics
5156221	igalco
5158539	stv8
5165527	joelostrowski
5166506	jsdario
5177920	suryagh
5195835	nao215
5198172	stokingerl
5210420	ignoreintuition
5212649	MrVoltz
5216291	digital-flowers
5220101	Subomi
5227618	rroxysam
5234060	QianJin2013
5240626	thomasvanlankveld
5250784	nicksoph
5251559	kenOfYugen
5259935	Drenmi
5268791	jumoog
5273970	jamr-ron
5281701	samuelcastro
5292705	codingfishman
5297850	RichardBollinger
5301535	ughitsaaron
5303970	denghuiquan
5304842	Iwasawafag
5313802	nakamuraagatha
5317799	chasestarr
5324913	renambot-uic
5343520	enzomich
5344189	Seikho
5347038	Salakar
5349881	chrpai
5351085	jennabelle
5352100	GavinDmello
5355921	gerrard00
5356588	jacksonrayhamilton
5358145	TankMasterRL
5363259	isikfsc
5366697	corykitchens
5382443	FezVrasta
5382892	Coderx7
5385371	edin-m
5386189	reidbyers3
5394790	shkfnly
5399639	MichaelTSS
5402360	emersonveenstra
5408109	ajinkya007
5425684	Cein-Markey
5426993	Ghanshyam-K-Dobariya
5433874	jjcr
5435340	zhenwenc
5436545	Kerumen
5438027	andrasq
5445507	richardlau
5454763	Utsav2
5455479	rdominy
5461398	chrisranderson
5466341	DaleSeo
5468809	friedemannsommer
5470583	RainingChain
5477955	nilssolanki
5494584	fmizzell
5498548	killroy1971
5518550	sergei-maertens
5541421	dbahn25
5545186	danialkhansari
5545474	Awk34
5550520	r1b
5553757	dmonad
5556343	BenoitClaveau
5559820	tflanagan
5578546	GoupilRobin
5581930	bluejellybean
5589725	worc
5590711	hptabster
5598565	aurelien-git
5607832	gxbe
5608970	wjh756381193
5614134	jcrben
5634074	charlesetiennepage
5640348	amZotti
5643490	bibitiger
5644077	sakinac
5648689	ryanbmilbourne
5655189	sivaprs
5662852	eguerints
5665529	Juanchote
5666707	mickeysox
5669480	cojomojo
5671786	devjin0617
5678694	saadq
5687933	lobabob
5690145	jkryl
5698911	LittleHelicase
5704064	NoahDragon
5707457	fractalf
5708819	VINTproYKT
5721194	GrosSacASac
5723124	jeromewu
5726047	bharath063
5736558	shreyagarwal
5740732	c-f-h
5754074	emretekince
5756070	khanhankkhan
5757415	levsoroka
5761012	spamguy
5769562	plafer
5773526	hannespayer
5774638	kleinfreund
5777296	fjhub
5794547	juan-andres
5799538	ianwhitedeveloper
5801521	nfischer
5804246	iyobo
5807322	szdavid92
5816340	georgiwe
5818726	calebboyd
5824729	Skehmatics
5827364	Deverick-Simpson
5832730	rus0000
5848578	Taivas
5849053	ranjeetkaur
5865387	Queuecumber
5867109	guanpu
5875026	brunobelarmino
5876036	Amery2010
5880835	claudix
5885311	johelaq
5886475	DavidCai1993
5892997	dwhieb
5900810	mofax
5902830	gtirloni
5906055	viviancpy
5930544	galk-in
5979409	nsiitk
5985850	troy0820
5990337	ldcsaa
5990767	Chyzwar
5996204	youngdeer
6009583	ambodi
6010463	CherryDT
6013423	Thylossus
6019113	lieuwex
6042252	storytimesolutions
6044603	drjasonharrison
6046654	adam-beck
6068824	silkentrance
6078550	quiltbag
6086902	CodeKittey
6098160	BlackYoup
6124091	maximusk
6135157	alkiskal
6137825	rensrongen
6153396	ShaunodCIT
6165538	stephenhuh
6170607	leo
6189009	polybuildr
6189441	netdesk
6190179	ilkeraktuna
6191849	Bamieh
6203008	ongmin
6208773	symbyte
6211775	JMishou
6221849	mrgleba
6225541	ismael-rivera
6225870	kyrylkov
6225935	knarfishness
6231274	benoit1980
6257236	SatyaSudheer
6259812	leader22
6265323	tylyo
6272507	bencripps
6274807	grass0916
6275532	pporp
6279791	benkogan
6283238	Napiform
6287003	DrEVILish
6304136	darkguy2008
6316590	stevemao
6322120	malaire
6324199	timneutkens
6326007	tommyZZM
6330334	Matthias247
6354455	italoacasas
6357744	chadsfatherlali
6366246	Quelltexter
6373201	CodeMan99
6374654	rlanthier
6376965	allthetime
6383605	jhwohlgemuth
6395078	ehorodyski
6395399	DemiMarie
6406522	nerijusgood
6436947	kumardurgesh91
6439292	psmarcin
6443532	bogdanvlviv
6443576	helio-frota
6447530	gireeshpunathil
6454516	EvgeniyGorbachev
6469275	minggangw
6477044	davidjgomez
6477435	Morfent
6487691	sxa555
6491301	kobalicek
6497435	kriry
6515203	mmmint
6517897	reneweb
6521691	brendonco
6531541	sumn2u
6559933	tomsmeding
6592889	phanikiranwtc
6603598	sdayan
6604151	johanbrandhorst
6608426	ipotuzhnov
6609554	joransiu
6621426	xuyv
6625123	beppe9000
6627780	chris--young
6628505	cbfiddle
6630042	Zzzen
6631117	Ltrlg
6631828	Geelik
6641809	hirabhullar
6646084	li-plaintext
6663654	Neph0
6673982	MichalPaszkiewicz
6677094	nitsnwits
6677095	exinfinitum
6688479	kaushikkanishka
6689685	Mutz2
6693546	zivbr
6693857	ezwebcraft
6701030	hbetts
6712608	arlendotcn
6712914	jonathan-kosgei
6730217	roccomuso
6731985	RB14
6732831	akdor1154
6736239	adityaanand4
6743214	sunnee5150
6745746	ralic
6751716	simoatk
6767374	Risto-Stevcev
6769982	binora
6778507	nanocloudx
6789191	mroftalp
6802696	rahulmandkriya
6816217	ibizcox
6816874	RoboPhred
6827281	likeabbas
6834203	powewhite
6840413	masakura
6843713	tsofist
6850510	RoobinGood
6857411	co60ca
6888014	rajdhandus
6894991	SametSisartenep
6898913	nguyenchilong
6906888	yukiwish
6907399	thekemkid
6908397	getkey
6915170	busheezy
6917800	robertchiras
6933859	konyee
6938606	narg95
6941888	longboy
6949429	chris-t-reilly
6962326	dmitrydwhite
6971109	markmachine
6974198	efkan
6982471	mhmeadows63
7002530	ArielSaldana
7013646	tfmccomas
7015868	lazlojuly
7018093	eafelix
7021745	sunojvijayan
7022958	o-e
7040162	ericmdantas
7041728	kaicataldo
7054825	Embedded4development
7109350	horpto
7123954	StevenDStanton
7131961	mcrummey
7135885	Saqib92
7135896	vdeturckheim
7140421	geisslercom
7142618	anoff
7146748	classfellow
7149432	drsatan1
7151870	nbrachet
7190422	natorion
7195139	semaja2
7200471	mrmayfield
7220484	BastienLQ
7225068	viziionary
7226694	ganna-shmatova
7229461	somsharan
7237097	SynerG
7246312	daniel-pittman
7252180	taozhi8833998
7254185	wadeanthony0100
7267553	appdlh
7273940	maasencioh
7274454	aileenvl
7280625	FarmHitman
7282720	jwdeitch
7289505	megastef
7292680	kika123
7293048	ctsuei
7299544	romansopov
7308528	neuberfran
7310875	ColinChen2
7315069	Boris-c
7323348	sandeepks1
7329402	mania25
7340772	sbdchd
7344422	joelwass
7344457	lprasanthi
7348032	rogierschouten
7349694	vivinRajagopalan
7358595	andrew-medvedev
7368115	LaurenSpiegel
7384288	wongzigii
7400369	smaloff
7402787	shufanshijie
7403792	bbsalsero
7408689	kasicka
7408949	kangjoni76
7414307	ito2307
7421183	maxrimue
7424051	asher2k4
7426501	karangoswami31
7427903	360disrupt
7450236	mparanhos
7451751	glhf
7455872	fhalde
7457705	stringparser
7466144	abenhamdine
7482056	mormahr
7488613	httpdigest
7490478	steviepubliclab
7501201	houd1ni
7524911	rohmanhm
7525670	mxstbr
7531784	freenice12
7535766	bushev
7537811	CowLoverSecret
7548247	klemenoslaj
7548264	tex0l
7553275	buluslidlink
7556290	Sogl
7562104	yoweiner
7567088	lacmuch
7604540	AbnerZheng
7606123	sergenikov
7606483	rodmachen
7608497	patriciarealini
7620082	quarthex
7623979	kohei-takata
7624593	kyptov
7642475	mikaturk
7643959	vijayaraja
7654314	novarac23
7656167	Tanuja-Sawant
7656868	aleeksunder
7657959	icefapper
7662738	dsperling
7666506	mykiimike
7670632	sampsongao
7685948	einsqing
7698377	deragon
7731478	zhangzifa
7735740	joseph-lansdowne-hpe
7758155	Coder206
7766085	keyiis
7780985	jhamhader
7781091	tresdin
7791034	MathijsvVelde
7794838	NijiharaTsubasa
7815789	Smotrov
7821757	AnshulMalik
7833752	mavericken
7834613	evantorrie
7849548	zhangzlili
7856010	christopherfujino
7860758	shiretu
7865528	0-Sony
7886068	amazingandyyy
7888082	moreJs
7888478	weagle08
7892079	walterbm
7897262	GreenPioneer
7913893	Alex-liutao
7920569	luozan
7931844	waqasmughal
7932813	sqlwwx
7935037	anargu
7939709	pandeysoni
7947769	xianyuxmu
7958605	spinda
7959437	sant123
7972329	tvrprasad
7981701	kevmannn
7991868	ortizman
7992089	islittle
8007933	madhavgharmalkar
8008055	damirka
8010038	cdnadmin
8016811	trojanliu
8016818	thandonguocmo2020
8023447	bboysathish
8051577	sumarouno
8052307	vladima
8055140	sduqlsc
8060970	dnwe
8067371	napiera
8072733	2dxgujun
8082333	odotom
8085795	rodrigo79rph
8107784	lrlna
8122299	ank-it
8136158	hinell
8139283	ftatieze
8142234	janurag
8143236	papiro
8146151	alex--m
8181630	cpitclaudel
8184051	dan-mcdonald
8193351	rohit11245
8198457	ZeroXLR
8202898	renanbastos93
8208733	mitsos1os
8213782	zhe13
8220399	venkatesh-tr
8240505	ZaccariaWilson
8244036	colmose
8248574	jeenalee
8255757	JoshuaWise
8259431	UppaJung
8261828	the-real-tokai
8268040	WoodyWoodsta
8273423	hklsk
8297234	BethGriggs
8314616	nunocastromartins
8316625	aks-
8323168	choupani
8332839	brianary
8369156	amanisky
8384068	proehlen
8389594	munyirik
8394709	DeepakTiwari13
8404857	JoshuaMays
8410896	reecehudson
8413281	eugen35
8425146	huzhijiang
8431331	lianyi
8435910	dongsik2026
8457017	Globik
8458213	yurenchen000
8463970	disharmonized
8493613	YingjieFan
8494909	craigsdennis
8503065	liangzeng
8508543	pg-ito
8510261	himanshupathakpwd
8523131	VijitCoder
8525754	TanninOne
8536244	nodegin
8540239	nmschulte
8541549	batobolg
8560498	emilthomas1
8569238	MuraraAllan
8578343	jungshik
8593658	Dr-wood
8597645	nerumo
8600635	chacent
8603093	strrchr
8604174	rao-abdul-mannan
8625570	bouzlibop
8627403	zaynv
8630900	rtvd
8645887	kristianjaeger
8656098	sttk
8657410	lmoe
8665222	shenmiweiyi
8665738	montera82
8679331	anchengjian
8684782	pankaj20dec
8702326	mike-kaufman
8710766	crokita
8720367	psrok1
8730632	whitelife
8736514	superclarkk
8742251	RachBLondon
8747500	mlick
8763000	bobpps
8774679	eduardbcom
8791438	NoHomey
8800643	evshiron
8807391	Caballerog
8822573	BridgeAR
8849761	Naltox
8873545	iamchenxin
8880102	dmiller9911
8884298	colbycheeze
8938552	Revision18
8941374	nyxynyx
8949910	brandonros
8964715	kirkouimetsnapchat
8968462	gig177
8974489	cgalibern
8977402	uttampawar
9010086	roman-io
9011953	rbaprado
9025382	AoiKuiyuyou
9026581	kirillDanshin
9032537	chawlaaditya8
9040085	jpiechowka
9046588	louiscryan
9056756	citrusui
9060431	shihrer
9071683	MoarDm
9078112	phiphamuet
9078437	manthu522
9109612	lundibundi
9124564	webertrlz
9129639	MLescaudron
9129687	MDSLKTR
9204736	itspun
9205389	chrmarti
9212161	Schrims
9215927	Burtonium
9254656	nyangeta
9268814	AndyRWatson
9271155	clshortfuse
9271436	strarsis
9282988	yfuks
9286933	CapacitorSet
9288648	hollomancer
9295830	fane89
9319556	wacky6
9325939	waltdakind
9331017	YaminiManthena1
9345707	huyb1991
9356687	kirly-af
9363437	liang-jie
9364651	timathon
9373002	mhdawson
9422240	websus
9424976	AriaFallah
9454446	SungjungKim
9498720	patrickjaja
9503227	tejkumar51
9503662	kirkins
9508502	misenesi
9522710	Vikaton
9525005	uc-des
9536601	acarstoiu
9589686	itxuye
9603509	LaughingSun
9616783	humanjpg
9645180	amand1996
9698639	Luchillo
9773803	streamich
9777763	cmacdonnacha
9798949	yury-s
9824969	TomCosta
9855651	steambap
9862565	danjambur
9871569	sromovskypeter
9881434	dgozman
9899008	Ron5599
9909591	HyperSprite
9920555	14ypark
9924724	Elephant-Vessel
9932290	s100
9935523	dankoster
9937771	AndrewPardoe
9947279	jlesk
9951818	wjrivera
9964060	eddysant
9986672	chachaxw
10002753	pmatzavin
10002902	jscottchapman
10029810	acrazing
10053328	mrdemello
10062256	allen6131
10068978	hwandonggit
10070816	yedaodao
10074113	xsq007
10075301	durrellchamorro
10087522	yatokami
10103531	gladys123
10104993	borislemke
10118693	markbrocato
10123941	ganeshradj
10134378	AxelMonroyX
10136054	oogz
10137567	mko-io
10140041	rahulgupta20nov
10161260	bensooraj
10163112	Dinfyru
10169274	weyj4
10177803	Micha0
10184961	subwaystation
10199950	pedrovagner
10205100	BUHARIMOHAMEDISMAIL
10209962	DTHompson55
10233823	KSMorozov
10234615	amandeepmittal
10245831	aliaburas80
10280768	GauthamBanasandra
10342420	benschulz
10350212	Arch-Mage
10355544	sstern6
10359412	rakeen
10371324	markwain
10378547	zwb-ict
10387670	Dillybob92
10393198	vsemozhetbyt
10405172	qheaden
10406308	musecian
10419222	blugavere
10435209	tarungarg546
10447862	462960
10456131	ambrt
10459119	TonyPythoneer
10496755	Saulf1
10507098	basickarl
10526646	pchinjr
10532611	felixfbecker
10533763	mclucario
10545251	jjpepper
10552470	kae24
10557763	deeptiagrawa
10559010	morfies
10599231	jsricarde
10603702	hsbilgen
10611413	pushpendupurkait
10611767	rmeja
10612009	tberthe
10616396	imatveev
10627527	outsiderLazy
10657293	destroyerofbuilds
10672721	nrvru
10673196	5amch3n
10680833	ojss
10683087	msmichellegar
10704230	NervenCid
10704816	sung-su
10724598	SwadicalRag
10760697	Gmunker
10761110	arnaud-soulard
10773353	jsroyal
10778661	nprail
10796236	xbolshe
10805246	buzzbo
10833345	ahauerwas
10875575	codeVana
10878548	luckynkala
10890765	nickbe
10894843	joanrodriguez
10919124	chzhuo
10933706	tberne
10960117	csavva
10992492	kevin2r
11001914	EasonWang01
11024702	Elavarasan83
11040896	hanu412
11042262	istinson
11050727	MichalMisiaszek
11070840	kunalgupta1983
11070997	avadhutbhangui
11084415	maksymseleznov
11133538	anamika2910
11139560	ORESoftware
11149885	abodalevsky
11155177	jddxf
11157865	dipgupta1986
11170337	Nicholasny
11175771	dr-w9999
11176223	fast0490f
11197897	cydhaselton
11217948	gesslerpd
11241713	bendpx
11256194	JanBrinker
11262165	radelmann
11268429	svencan
11302907	Mycroft1891
11317322	stpCollabr8nLstn
11320479	caperavensoftware
11335371	julien33
11352152	chmln
11353590	june07
11361048	arjunkori
11384565	Anandapriyan
11440885	ravindrabarthwal
11467462	deenarang
11499060	carmelocolon
11517187	hniirane
11522163	AlexBedley
11534528	esh009
11558805	gthn
11572248	matthewwiesen
11581464	lucykang
11582552	kotarondo
11583535	kartikgreen
11591518	paragonie-scott
11593452	kzc
11630298	eymemathew
11638619	not-an-aardvark
11648785	ruggertech
11649301	fuzing
11672878	ignacio-chiazzo
11681052	Williams-Dan
11683018	hqzhu0913
11692818	pgkos
11701272	bchirgwin
11701553	flowmemo
11720107	beat-at-hartwig
11734962	minervapanda
11735131	baboundu81
11741306	Devinsuit
11756574	facekapow
11756762	iyunusov
11756943	Thstone37
11769971	HyeonuPark
11782089	fallingarrow
11786120	bottleofwater
11808607	lfernando-silva
11814052	rajashekhargundeti
11819320	grantCelley
11823240	ulucs
11836341	pradhanshrijal
11843318	manasisharma
11850893	aribs
11858095	ry99
11861955	jianchun
11883306	kadir003
11898796	Yi-love
11913695	lovexi
11921153	Sunny-guangge
11958657	zyf0330
11964912	massimiliano-delia
11976448	jun-oka
11979939	hhellyer
12013667	sethdorris
12021159	AhmedFathieg
12036439	techelpmike
12042927	mapleshawxiao
12057627	aruneshchandra
12059066	agarwal-sandeep
12075322	emanuelbuholzer
12082826	jjykh
12098035	iamstolis
12101885	curtisman
12111454	LamboCreeper
12154939	WesTyler
12159820	gtewallace
12165955	syswipe
12189628	lukfol
12191975	blairzhao111
12198249	KashifSaleem224
12208108	uinz
12243963	DevAndrewGeorge
12266954	asuchac
12271400	Dzenly
12286274	joeskeen
12363708	rk-lakshmanan
12378597	i8-pi
12380291	jayshreekant
12400507	jessicaquynh
12424533	hardy091
12429142	daniel0720
12432699	narutoadi
12443664	CurryKitten
12448364	cedon
12488060	kunalspathak
12510941	carlosduclos
12543047	junedev
12568779	DininduWanniarachchi
12575619	pagalasoujanya
12590228	WindWen
12590769	hilxm
12598261	Reda-bx
12607663	Piu130
12628373	ashish360
12646849	zenismaharjan
12671072	aniddan
12683784	JoshWilliams92
12691693	ratikesh9
12693198	charliexp
12707521	zccz14
12730010	winglet
12755463	MRamos62786
12778730	mitchellst
12783579	pplam
12799326	abhi18av
12804479	stamster
12815768	pierreneter
12825770	flyingcodes
12842875	DivyaPoornam91
12933909	galinabas
12948897	you-fail-me
12972096	pooyamoha
12976647	cswl
12987425	notgiorgi
12997967	scottinet
13003316	robogen
13033429	mingyu-lee
13035381	ivitivan
13035517	adelphes
13039748	cperezvinsite
13093042	jasongin
13138961	itsmed
13150079	Klestofer
13151286	tobespc
13162191	magicfish2007
13173775	mweels
13194485	j-langlois
13222787	RanjithaParameshwaraiah
13243875	SklyarovYura
13248323	madhurangaonbit
13260877	skbolton
13262488	dpg5000
13269109	zzzlodey
13297197	sosz
13312166	sembaye
13315143	ubansi
13335501	scriptjs
13361745	Dilip9922
13372907	Exlipse7
13374460	NonCreature0714
13376823	nurulnabi
13428961	chris-swan
13470340	Sogomn
13472925	harrydevnull
13483453	marzelin
13488805	Jorg71
13503628	347830076
13519723	transonly
13530220	marylinh
13538646	mohammadmoradyar
13552764	salangar
13561163	AnnaMag
13572570	ragu-nathan
13576853	ayo123
13586713	METACEO
13596285	00111000
13608139	MYounas
13630254	no1melman
13663338	Pustur
13667833	rajatkumar
13672036	zjyw
13737185	ayoubserti
13752887	addikhann
13761526	hzxscyq
13876939	duylebao
13891170	mik-jozef
13892390	jitendrapawar
13898972	ldm9958
13918090	Misaliet
13919213	tonyzdf
13964315	hoschid
13971761	oresmus
13978154	felikf
13983725	Aleksei7
14019856	mansimarkaur
14045141	cristianchan
14057999	russokj
14075231	NFoxley
14080426	Elliot128
14086747	rajswami9595
14098340	MSLaguana
14104863	2underscores-vic
14107854	colinp8
14127285	funilrys
14148452	TheDiamondYT1
14163716	jilanirony
14243059	ghostsleeper7
14245117	LamourBt
14316093	DusanDimitric
14332128	nicoali
14335429	changsi-an
14348226	himanshurobo
14657580	bcmarinacci
14660273	tbaltrushaitis
14864042	mrkmarron
14890452	anmarcek
14899817	cgountanis
14905903	El-amine
14923241	mrp100461
14926758	oiime
14932257	timreichen
14937393	JelteMX
14938690	MartiniHenry1988
14946708	sumitgoelpw
14981026	gareth-ellis
15010749	christyleung1987
15021989	ZibbyKeaton
15032634	shellberg
15062450	henrix343
15067568	GloriaAnholt
15069963	H3lmaster
15084470	mubblemanish
15161628	datmiznags
15161981	jBarz
15170164	vkeusebio
15173749	AraHaan
15190897	arthuroy
15197820	voxsoftware
15314511	vihanb
15350619	eugene2528
15373625	malpacasville
15438752	arturskeeled
15519676	rohitgoel11
15604864	hungcao181
15614466	TitaneBoy
15649010	ashishvaghasiya
15664368	greenmountains
15693070	aberope
15724278	vsenko
15725142	hfeeri
15734957	ancapaaron
15811347	earforth
15857768	blazekas
15859454	ivanm376
15861995	madCoder24
15870106	peperoni60
15901911	taoqf
15935886	Thirudhas
15938493	fengyh13
15942322	Sharma-Shivam
15943003	s0m3on3
15943089	gibfahn
15963141	jsonbruce
15969684	surfeatsleep
15989459	IlyaBiryukov
16020076	amanuel2
16042447	leofab86
16054109	PAY-IT-FORWARD
16065190	misanet
16076762	MagicWeirdo
16079074	chandankrishnan
16085795	bhupendra-chetu
16086197	syaau
16128022	liirene1
16128752	Dzhakhar
16133878	edwardboyle
16144158	Ethan-Arrowood
16150723	kkorada
16175542	IHFF12
16177268	jdhydra
16188318	fir4
16214617	SrNicolas
16219574	dugagjinll
16252169	clementine07
16252901	ranjithprabhuk
16262169	bzhong2
16308754	HarrySarson
16321487	wdestin
16335744	samarthRT
16399020	donnisnoni
16402596	quaidn
16410884	shterionyanev
16412075	116356754
16435428	feilongOnMoudu
16468597	DEspino-Specialized
16474118	algv
16474604	nileshgiri34
16478535	jackysmith3344
16486766	shivamindalkar
16498070	vswen
16501963	MaheshVelankar
16504253	mattcphillips
16506071	ScottFreeCode
16528253	RickBitter
16539774	5ebastianMeier
16545322	MrQubo
16567224	adron-orange
16576790	BrownHat
16601861	almesh
16620360	felixaraj
16641264	richHong
16693844	fcostarodrigo
16722535	rnchamberlain
16735076	Heziode-dev
16735925	ev1stensberg
16738737	sorcererstone
16766438	Mariannach
16787433	zfxsss
16798457	malipraful
16800950	endencia
16836380	avysotsk
16866642	Serkan-devel
16919593	hanzgit
16943652	Asaelem
16945543	vinayparekh
16976667	MugeshBTech
16979898	Almusamim
16986698	INFINIX98
17005404	giulio-sefaira
17053169	Z3R0c007
17107656	quickghost
17111478	bigbossmaine
17122340	sahil-lakhwani
17178213	uy0101
17186793	nlapier
17187383	nohmapp
17193362	ardibello
17198363	T94T
17226097	hamzaOp
17244224	psbyron3
17268518	burakgazi
17273637	acterhd
17281152	Azayzel
17309586	tadesushilgithub
17352572	twins16
17426368	armandciejak
17428714	hriss95
17450339	William-WFC
17457357	maxveres
17509860	mmmoonie
17536109	BrightLamp
17554836	gitrealname
17572085	trevor-mink
17615794	AdrianoLG
17618570	HectorRPL
17654065	bjdelro
17677727	dlipiz
17700695	ashokvardhank
17700964	francescocatalano
17701838	lel1234
17702550	uds214125
17704638	bzoz
17743327	mallikarjunbangargi
17759027	anandhb
17819258	haoranw
17820798	Vikas-Jilla
17827034	leannevau
17880422	zwj741
17898715	yuchonghua
17908389	siduoge
17923501	AsimPervez93
17925342	ykochenkov
17942010	speakeasypuncture
17943805	anu0012
17955655	spopky
17975468	ozjackroo1
17991839	BalajiSingh
18028768	xgqfrms-GitHub
18030330	Shahjalal7311
18049850	plaanupam
18102267	I-n-d-e-r
18109438	Raghavendra-Mankar
18119504	sthallapelly
18120827	2mferreira
18167419	clicktravel-jaroslav
18178468	TPL-DevTeam
18200094	chatcoder
18223385	hktalent
18329111	amanmehta-maniac
18361147	NubleX
18403178	bojannyc
18406236	callafeucht
18419656	behroozshafiabadi
18434909	muqbilkhan
18457837	Dmytro-Komaryst
18507762	wtgtybhertgeghgtwtg
18531045	stixx200
18546826	RuiyuZhou
18547102	cogerybot
18586133	nowen094
18592921	Vasanthrajan
18649707	SharkFinPro
18704287	lijunqin
18708370	Flarna
18714056	yongxin100
18743742	DmitryHetman
19150809	rajagopal4890
19168174	computeronix
19195245	pr-201
19225332	jyothiradityak
19247615	xaxiclouddev
19257951	anotherHobbyist
19274678	andy-ms
19287425	andrewo0
19298874	Nedgeva
19313367	GuillaumeSarfati
19315113	dnbr2002
19317543	YANGCHENAI
19322764	fubh
19337225	vitalybupt
19355276	Barbosik
19358221	ingfdoaguirre
19364353	SwapnilNakhate
19378014	ajudensi
19378179	uMaxmaxmaximus
19396993	matt-wilson-cc
19397622	hbklenin
19475195	crh225
19488655	cba16
19490174	abeutl-frasys
19525327	bangnguyen77
19539947	coben4w
19544218	YutamaKotaro
19566576	ChrisX212
19574087	appersonj
19588484	pk-karthik
19629102	naumanumer
19649946	Kaddath-R
19673907	cesarhq
19684110	hossein1991b
19684476	hwbeauty
19711246	bac42x
19761566	acb017
19776730	djskinner-sky
19786625	fereshtehshah
19806671	matissse
19831373	hackjus
19847742	IssaAbdullah
19856423	mehta-rohan
19857479	jmfrancois
19904307	ilmartytrk
19909490	RadwanNada
19973729	lwhoho
19983178	ipurdy
20029251	chenlip
20051926	aamte
20084473	Sunder33
20118242	jacuchilla
20119184	griffithtp
20139338	babonet13
20147093	langenth
20158340	PaulTsai20160627
20164249	coderaj
20170894	githubaccount624
20172108	gezzz
20194640	M-Fasciano
20201756	Ksaelan
20224954	gdams
20266801	arielnetanya
20287100	albo94
20324537	jwilkes90
20339155	dgonzalezruiz
20355503	vismayshah90
20384132	sligi
20412432	phretaddin
20416994	lakidavid
20419303	eppisapia
20425798	Yemanu
20482155	Carringguns
20500479	piiiet
20561255	joemmett
20573460	rahul-dutt-sharma
20599062	raja8861
20684208	WasimNaffar
20686218	ajbentley
20699254	suplch
20722769	takeoveragario
20728568	knagendrak
20759340	AaronCAlbers
20771374	23poison
20771575	shahpx
20808551	Ammad7
20816390	luisa123456
20825985	kirahmadlare
20849701	LeiSe7en
20882579	lungbubble
20883810	Hojin-Ryu
20916631	nealjwang
20947360	alexhuang100
20965830	emigenix
20971507	LuizHAP
20987319	hyndav
21016768	3dw1nchu4
21020127	samanthachloen
21030770	wangxu3655
21042045	ss22ever
21050467	jianshenglow
21085125	xanathos79
21087407	mganand
21090493	SEUH
21100578	vigneshmuthukrishnan
21108340	kuntalsshah
21122154	amulpatel
21145776	dsehnal
21172659	JsDevHub
21182401	john-bouchard
21195272	rikiSh
21213659	naveend915
21215336	LaxmanL
21217649	Akpotohwo
21221323	emum8
21239876	phibersirhack
21245279	vyasvaibhav
21251229	crscaballero
21251794	gcrowcroft
21259633	tanmay-saxena
21268802	SoCalBeachrunner
21282864	ishansan38
21305090	pptyasar
21308533	chainoy
21308568	G047
21323227	GusGF
21338908	pa1kishore
21339975	MukeshSingh024
21365343	evolution23
22001525	JoeyAcc
22077072	emma-luk-phe
22082115	Hesulan
22124150	pjdepractica
22157593	AmitVerma0893
22200878	splootch
22209344	itig
22212597	cogsuvarna
22304289	whatch
22315535	vaidyaanand
22338567	Salshakhsi
22349981	JTorresConsulta
22372887	ChrisMunt
22373193	SteveJobzniak
22373642	nmoskopp
22397837	barrp
22425789	Montaldos
22438485	james800427
22443417	ajithv11
22459327	petermp
22473522	hishobhit82
22476026	ben-kirk
22516484	strykesgamer
22517191	htran81
22537216	sonalbhadani496
22544248	rawdon-hume-confsued
22550884	larissayvette
22553123	smyt1
22581782	reddynr
22595780	ngabormini
22670011	yeedm
22670137	ryan-copperleaf
22675218	nischay13may
22730639	Skasix
22754913	ahreg2002
22756824	AwaMazing
22789121	axel7born
22834874	davaahoo
22852830	Anatoliy4041
22879652	preranadp
22882405	neilxa
22905609	netsup99
22926351	Alblahm
22964388	amahpour
22966265	j-r-smith
22972836	fwp728
23049332	respok
23087528	vazina-robertson
23178902	jtenenbaum
23213435	HACHIMIam
23215333	psrodka-neurosys
23219482	spelunk
23237786	1vadios
23263252	jitension
23280169	nilanjansiromani
23336840	doodoococo
23427095	otonielguajardo
23456535	OFSTalis
23459465	serenam18
23486493	Adel-Morsy
23504411	decarbureted
23512658	aXvee
23529148	LucaFranceschini
23564704	odysseymonk
23608711	semiphore
23740995	usebaz
24209759	weezieLouise
24241976	vennilapanneer
24250786	Sergaros
24251491	lancefarrah
24257502	davduf
24297754	malenesok007
24298434	qualquervalor2
24307770	vip2017A
24390060	vicky416Ind
24393917	law2004
24453885	wrg99
24455502	idowuogedengbe
24476047	annaZeesat
24506672	papercuptech
24527049	klanzi
24577554	thepotusdonaldtrump
24595609	jsinmotion
24611166	toasohcah
24651623	ArivRedgrape
24710054	gyx434494833
24735504	mayyamus
24759270	theakathir
24775029	lokmanhakim9455
24800959	ftatiezedev
24838796	showmeall
24845478	reviewher
24920403	joanavives
24921566	bettyzhenya
24936937	manish36
24947163	aabfred
24977197	dindar123
25007505	SyedZaidy
25032555	liang1zhou
25119916	nickwuu
25206932	jjijjj
